{
  "name": "icrpg",
  "title": "Index Card RPG",
  "description": "Index Card RPG (ICRPG) system for Foundry VTT.",
  "version": "2.0.1",
  "minimumCoreVersion": "9",
  "compatibleCoreVersion": "9",
  "templateVersion": 2,
  "author": "enso#0361",
  "esmodules": [
    "module/icrpg.js"
  ],
  "styles": [
    "css/icrpg.css"
  ],
  "scripts": [],
  "packs": [],
  "languages": [
    {
      "lang": "en",
      "name": "English",
      "path": "lang/en.json"
    },
    {
      "lang": "de",
      "name": "Deutsch",
      "path": "lang/de.json"
    },
    {
      "lang": "es",
      "name": "Español",
      "path": "lang/es.json"
    },
    {
      "lang": "nl",
      "name": "Nederlands",
      "path": "lang/nl.json"
    }
  ],
  "gridDistance": 5,
  "gridUnits": "ft",
  "primaryTokenAttribute": "health",
  "secondaryTokenAttribute": null,
  "url": "https://github.com/jessev14/FoundryVTT-ICRPG/",
  "manifest": "https://github.com/jessev14/FoundryVTT-ICRPG/raw/master/template.json",
  "download": "https://github.com/jessev14/FoundryVTT-ICRPG/archive/master.zip",
  "license": "LICENSE"
}