{
  "Actor": {
    "types": [
      "character",
      "npc"
    ],
    "templates": {
      "base": {
        "stats": {
          "str": {
            "value": 0
          },
          "dex": {
            "value": 0
          },
          "con": {
            "value": 0
          },
          "int": {
            "value": 0
          },
          "wis": {
            "value": 0
          },
          "cha": {
            "value": 0
          }
        },
        "effort": {
          "basic": {
            "value": 0
          },
          "weapon": {
            "value": 0
          },
          "gun": {
            "value": 0
          },
          "magic": {
            "value": 0
          },
          "ultimate": {
            "value": 0
          }
        },
        "health": {
          "value": 10,
          "min": 0,
          "max": 10
        },
        "description": ""
      }
    },
    "character": {
      "templates": [
        "base"
      ],
      "class": "",
      "bioform": "",
      "story": "",
      "stats": {
        "str": {
          "base": 0,
          "loot": 0
        },
        "dex": {
          "base": 0,
          "loot": 0
        },
        "con": {
          "base": 0,
          "loot": 0
        },
        "int": {
          "base": 0,
          "loot": 0
        },
        "wis": {
          "base": 0,
          "loot": 0
        },
        "cha": {
          "base": 0,
          "loot": 0
        }
      },
      "effort": {
        "basic": {
          "base": 0,
          "loot": 0
        },
        "weapon": {
          "base": 0,
          "loot": 0
        },
        "gun": {
          "base": 0,
          "loot": 0
        },
        "magic": {
          "base": 0,
          "loot": 0
        },
        "ultimate": {
          "base": 0,
          "loot": 0
        }
      },
      "armor": {
        "value": 0,
        "base": 0,
        "loot": 0
      },
      "coin": {
        "value": 0
      },
      "dying": {
        "value": 0
      },
      "mastery": {
        "value": 0
      },
      "spellTypeMastery": {
        "spellType": "",
        "value": 0
      },
      "stunPoints":{
        "value": 10
      },
      "herocoin": false
    },
    "npc": {
      "templates": [
        "base"
      ]
    }
  },
  "Item": {
    "types": [
      "item",
      "ability",
      "weapon",
      "armor"
    ],
    "templates": {
      "base": {
        "description": ""
      },
      "equipment": {
        "durability": 10,
        "equipped": false,
        "quantity": 1
      }
    },
    "item": {
      "templates": [
        "base"
      ],
      "quantity": 1,
      "equipped": false
    },
    "ability": {
      "templates": [
        "base"
      ]
    },
    "weapon": {
      "templates": ["base", "equipment"]
    },
    "armor": {
      "templates": ["base", "equipment"],
      "defenseBonus": 0
    }
  }
}